9;8713 Yosemite Ct.;Bothell;United States;98011
11;1318 Lasalle Street;Bothell;United States;98011
25;9178 Jumping St.;Dallas;United States;75201
28;9228 Via Del Sol;Phoenix;United States;85004
32;26910 Indela Road;Montreal;Canada;H1Y 2H5
185;2681 Eagle Peak;Bellevue;United States;98004
297;7943 Walnut Ave;Renton;United States;98055
445;6388 Lake City Way;Burnaby;Canada;V5A 3A6
446;52560 Free Street;Toronto;Canada;M4B 1V7
447;22580 Free Street;Toronto;Canada;M4B 1V7
448;2575 Bloor Street East;Toronto;Canada;M4B 1V6
449;Station E;Chalk Riber;Canada;K0J 1J0
450;575 Rue St Amable;Quebec;Canada;G1R
451;2512-4th Ave Sw;Calgary;Canada;T2P 2G8
452;55 Lakeshore Blvd East;Toronto;Canada;M4B 1V6
453;6333 Cote Vertu;Montreal;Canada;H1Y 2H7
454;3255 Front Street West;Toronto;Canada;M4B 1V6
455;2550 Signet Drive;Weston;Canada;M9V 4W3
456;6777 Kingsway;Burnaby;Canada;V5H 3Z7
457;5250-505 Burning St;Vancouver;Canada;V7L 4J4
458;600 Slater Street;Ottawa;Canada;K4B 1S2
459;25575 The Queensway;Etobicoke;Canada;M9W 3P3
460;2521 McPherson Street;Markham;Canada;L3S 3K2
461;2560 Bay Street;Toronto;Canada;M4B 1V7
462;630 University Avenue;Toronto;Canada;M4B 1V7
463;992 St Clair Ave East;Toronto;Canada;M4B 1V7
464;99, Rue Saint-pierre;Pnot-Rouge;Canada;J1E 2T7
465;25245 Rue Sherbrooke Ouest;Montreal;Canada;H1Y 2H5
466;655-4th Ave S.W.;Calgary;Canada;T2P 2G8
467;25900-700-9th Ave S.W.;Calgary;Canada;T2P 2G8
468;Po Box 83270;Vancouver;Canada;V7L 4J4
469;400-25155 West Pender St;Vancouver;Canada;V7L 4J4
470;2511 Baker Road;Toronto;Canada;M4B 1V7
471;770 Notre Datme Quest Bureau 800;Montreal;Canada;H1Y 2H7
472;250551 Shellbridge Way;Richmond;Canada;V6B 3P7
473;595 Burning Street;Vancouver;Canada;V7L 4J4
474;252345 8810th Avenue;Surrey;Canada;V3T 4W3
475;2512-410th Avenue S.W.;Calgary;Canada;T2P 2G8
476;258 King Street East;Toronto;Canada;M4B 1V7
477;6th Floor Ferguson Block;Toronto;Canada;M4B 1V7
478;2545 King Street West;Toronto;Canada;M4B 1V7
479;2550 Middlefield Road;Scarborough;Canada;M1V 4M2
480;25 First Canadian Place;Toronto;Canada;M4B 1V5
481;65 Gamelin Street;Hull;Canada;8Y
482;2500 University Avenue;Toronto;Canada;M4B 1V5
483;955 Green Valley Crescent;Ottawa;Canada;K4B 1S1
484;2510 Crew Court;Montreal;Canada;H1Y 2H8
485;9900-6400 Boul, Taschereau;Brossard;Canada;J4Z 1R4
486;600 Boul. Rene-levesque Ouest;Montreal;Canada;H1Y 2H7
487;9259 - 1110th Avenue Sw;Calgary;Canada;T2P 2G8
488;45259 Canada Way;Burnaby;Canada;V5G 4S4
489;9960 King Street E.;Toronto;Canada;M4B 1V5
490;9979 Bayview Drive;Barrie;Canada;L4N
491;20225 Lansing Ave;Montreal;Canada;H1Y 2H7
492;99954 Boul. Laurier, Local 060, Place;Sainte-Foy;Canada;G1W
493;6th Floor 5250 Main Street;Winnipeg;Canada;R3
494;Box 99354 300 Union Street;Saint John;Canada;E2P 1E3
495;Suite 800 2530 Slater Street;Ottawa;Canada;K4B 1T7
496;Suite 500 995 W. 11th Avenue;Mississauga;Canada;L5A 1H6
497;#9900 2700 Production Way;Burnaby;Canada;V5A 4X1
498;25537 Hillside Avenue;Victoria;Canada;V8V
499;Suite 2502 410 Albert Street;Waterloo;Canada;N2V
500;5700 Explorer Drive;Mississauga;Canada;L4W 5J3
501;965 De La Gauchetiere West;Montreal;Canada;H1Y 2H8
502;No. 25400 10665 Jasper Avenue;Edmonton;Canada;T5
503;P.O. Box 44000;Winnipeg;Canada;R3
504;Suite 99320 255 - 510th Avenue S.W.;Calgary;Canada;T2P 2G8
505;6400, 888 - 3rd Avenue;Calgary;Canada;T2P 2G8
506;255117 - 101 Avenue;Surrey;Canada;V3T 4W3
507;975 Princess Street;Kingston;Canada;7L
508;2900 - 25055 Dunning Street;Vancouver;Canada;V7L 4J4
509;Suite 25800 3401 - 10810th Avenue;Surrey;Canada;V3T 4W3
510;750 Philip Street;Waterloo;Canada;N2V
511;Bureau 9900 825, Avenue Querbes;Outremont;Canada;H1Y 2G5
512;700 Bureau Road;Montreal;Canada;H1Y 2H7
513;253711 Mayfield Place, Unit 150;Richmond;Canada;V6B 3P7
514;63 West Beaver Creek;Richmond Hill;Canada;L4E 3M5
515;9900 Ronson Drive;Etobicoke;Canada;M9W 3P3
516;251 Indell Lane;Brampton;Canada;L6W 2T7
517;2573 Dufferin Street;Toronto;Canada;M4B 1V5
518;995 Crescent;Richmond Hill;Canada;L4E 3M5
519;2500-622 5th Ave Sw;Calgary;Canada;T2P 2G8
520;6700 Boul Taschereau;Brossard;Canada;J4Z 1C5
521;55 Standish Court;Mississauga;Canada;L5B 3V4
522;43251 Viking Way, Unit 130;Richmond;Canada;V6B 3P7
523;46990 Viking Way;Richmond;Canada;V6B 3P7
524;9693 Louis H Lafontaine;Ville De'anjou;Canada;J1G 2R3
525;69251 Creditview Road;Mississauga;Canada;L5B 3V4
526;251420a 170th Street;Edmonton;Canada;T5
527;252851 Rowan Place;Richmond;Canada;V6B 3P7
528;5990 Avebury Road;Mississauga;Canada;L5B 3V4
529;254480 River Rd;Richmond;Canada;V6B 3P7
530;Suite #9902;North York;Canada;M4C 4K6
531;5th Floor, 79 Place D'armes;Kingston;Canada;7L
532;#500-75 O'Connor Street;Ottawa;Canada;K4B 1S2
533;4400 March Road;Kanata;Canada;K2L 1H5
534;Depot 80;Sillery;Canada;G1T
535;250 Kingsbridge Garden Circle;Mississauga;Canada;L5B 3V4
536;No. 2000-25080 Beaver Hall Hill;Quebec;Canada;G1R
537;No. 25800-130 King Street West;Toronto;Canada;M4B 1V5
538;25 Danger Street West;Toronto;Canada;M4B 1V5
539;6th Floor, 25st Canadian Place;Toronto;Canada;M4B 1V5
540;254 Colonnade Road;Nepean;Canada;K2J 2W5
541;25981 College Street;Montreal;Canada;H1Y 2H5
542;5 place Ville-Marie;Montreal;Canada;H1Y 2H7
543;6030 Conroy Road;Ottawa;Canada;K4B 1S3
544;30025 Wayburne Drive, Suite 275;Burnaby;Canada;V5G 4W1
545;999 West Georgia St.;Vancouver;Canada;V5T 1Y9
546;250333 Southport Road, S.W.;Calgary;Canada;T2P 2G8
547;7000 Victoria Park Avenue;Toronto;Canada;M4B 1V4
548;63 Free St.;Toronto;Canada;M4B 1V4
549;609 Evans Avenue;Toronto;Canada;M4B 1V4
550;2520 Flanders Road;Toronto;Canada;M4B 1V4
551;32605 West 252 Mile Road, Suite 250;Aurora;Canada;L4G 7N6
552;25730, boul. St-RÃ©gis;Dorval;Canada;H9P 1H1
553;253131 Lake Frasier Drive, Office No. 2;Calgary;Canada;T2P 2G8
554;9984 Wellington Street;Ottawa;Canada;K4B 1S2
555;9950 Ferrand Drive, 9th Floor;Toronto;Canada;M4B 1V4
556;990th Floor 700 De La GauchetiSre Ou;Montreal;Canada;H1Y 2H3
557;660 Saint-Jacques, Bureau 400;Montreal;Canada;H1Y 2H8
558;67255 - 8th Street N.E., Suite 350;Calgary;Canada;T2P 2G8
559;12345 Sterling Avenue;Irving;United States;75061
560;800 Interchange Blvd.;Austin;United States;78701
561;90025 Sterling St;Irving;United States;75061
562;2505 Gateway Drive;North Sioux City;United States;57049
563;74400 France Avenue South;Edina;United States;55436
564;509 Nafta Boulevard;Laredo;United States;78040
565;25149 Howard Dr;West Chicago;United States;60185
566;63 W Monroe;Chicago;United States;60610
567;Corporate Office;Garland;United States;75040
568;25269 N. Wood Dale Rd;Wood Dale;United States;60191
569;Sapp Road West;Round Rock;United States;78664
570;52500 Liberty Way;Fort Worth;United States;76102
571;25550 Executive Dr;Elgin;United States;60120
572;P.O. Box 6256916;Dallas;United States;75201
573;25269 Wood Dale Rd.;Wood Dale;United States;60191
574;Po Box 8259024;Dallas;United States;75201
575;42500 W 76th St;Chicago;United States;60610
576;4255 East Lies Road;Carol Stream;United States;60188
577;2500 North Stemmons Freeway;Dallas;United States;75201
578;220 Mercy Drive;Garland;United States;75040
579;25 N State St;Chicago;United States;60610
580;2509 W. Frankford;Carrollton;United States;75006
581;Po Box 8035996;Dallas;United States;75201
582;5700 Legacy Dr;Plano;United States;75074
583;625 W Jackson Blvd. Unit 2502;Chicago;United States;60610
584;250880 Baur Blvd;Saint Louis;United States;63103
585;Noah Lane;Chicago;United States;60610
586;6030 Robinson Road;Jefferson City;United States;65101
587;25500 Old Spanish Trail;Houston;United States;77003
588;99828 Routh Street, Suite 825;Dallas;United States;75201
589;One Dancing, Rr No. 25;Round Rock;United States;78664
590;9995 West Central Entrance;Duluth;United States;55802
591;48255 I-10 E. @ Eastpoint Blvd.;Baytown;United States;77520
592;9903 Highway 6 South;Houston;United States;77003
593;2345 North Freeway;Houston;United States;77003
594;123 W. Lake Ave.;Peoria;United States;61606
595;660 Lindbergh;Saint Louis;United States;63103
596;72540 Blanco Rd.;San Antonio;United States;78204
597;99450 Highway 59 North;Humble;United States;77338
598;455 256th St.;Moline;United States;61265
599;70 N.W. Plaza;Saint Ann;United States;63074
600;25095 W. Florissant;Ferguson;United States;63135
601;6996 South Lindbergh;Saint Louis;United States;63103
602;6425 Nw Loop 410;San Antonio;United States;78204
603;9500b E. Central Texas Expressway;Killeen;United States;76541
604;1200 First Ave.;Joliet;United States;60433
605;7760 N. Pan Am Expwy;San Antonio;United States;78204
606;99433 S. Greenbay Rd.;Racine;United States;53182
607;25220 Airline Road;Corpus Christi;United States;78404
608;25306 Harvey Rd.;College Station;United States;77840
609;3900 S. 997th St.;Milwaukee;United States;53202
610;44025 W. Empire;Denby;United States;57716
611;23025 S.W. Military Rd.;San Antonio;United States;78204
612;Ring Plaza;Norridge;United States;60706
613;Lakeline Mall;Cedar Park;United States;78613
614;Town East Center;Mesquite;United States;75149
615;Fountains On The Lake;Stafford;United States;77477
616;Southwest Outlet;Hillsboro;United States;76645
617;Johnson Creek;Johnson Creek;United States;53038
618;Blue Ridge Mall;Kansas City;United States;64106
619;First Colony Mall;Sugar Land;United States;77478
620;Horizon Outlet;Woodbury;United States;55125
621;Tanger Factory;Branch;United States;55056
622;Management Mall;San Antonio;United States;78204
623;Ohms Road;Houston;United States;77003
624;Factory Merchants;Branson;United States;65616
625;Cedar Creek Stores;Mosinee;United States;54455
626;Lone Star Factory;La Marque;United States;77568
627;Sports Stores @ Tuscola;Tuscola;United States;61953
628;City Center;Minneapolis;United States;55402
629;St. Louis Marketplace;Saint Louis;United States;63103
630;Lincoln Square;Arlington;United States;76010
631;Kansas City Factory Outlet;Odessa;United States;64076
632;Fiesta Trail Shopping Center;San Antonio;United States;78204
633;Medford Outlet Center;Medford;United States;55049
634;Ward Parkway Center;Kansas City;United States;64106
635;93-2501, Blackfriars Road,;London;United Kingdom;SE1 8HL
636;Science Park South, Birchwood;Warrington;United Kingdom;WA3 7BH
637;Phoenix Way, Cirencester;Gloucestershire;United Kingdom;GL7 1RY
638;255 Irving Street;London;United Kingdom;C2H 7AU
639;Garamonde Drive, Wymbush;Milton Keynes;United Kingdom;MK8 8ZD
640;251 The Metro Center;Wokingham;United Kingdom;RG41 1QW
641;Bradford;W. York;United Kingdom;BD1 4SJ
642;Galashiels;Liverpool;United Kingdom;L4 4HB
643;Banbury;Oxon;United Kingdom;OX16 8RS
644;Bradford;W. York;United Kingdom;BD1 4SJ
645;Garamonde Drive, Wymbush;Milton Keynes;United Kingdom;MK8 8ZD
646;Butterfield Hse, 7-251 Chapel St;Lancaster;United Kingdom;LA1 1LN
647;Wade Road;Basingstoke Hants;United Kingdom;RG24 8PL
648;586 Fulham Road,;London;United Kingdom;SW6 SBY
649;Knaves Beech Ind.;High Wycombe;United Kingdom;HP10 9QY
650;Elmhurst Road, Goring;Reading;United Kingdom;RG7 5H7
651;New Millhouse, 2583 Milton Park;Abingdon;United Kingdom;OX14 4SE
652;Wymbush;Milton Keynes;United Kingdom;MK8 8DF
653;Burgess Hill;West Sussex;United Kingdom;RH15 9UD
654;308-3250 Casting Road;York;United Kingdom;Y024 1GF
655;Wharfdale Road;Berkshire;United Kingdom;RG11 5TP
656;7 Pioneer Business Park;York;United Kingdom;Y03 4TN
657;Unit 99a Battery Retail Pk;Birmingham;United Kingdom;B29 6SL
658;Ellesfield Ave;Bracknell;United Kingdom;RG12 8TB
659;Warrington Ldc Unit 25/2;Woolston;United Kingdom;WA1 4SY
660;6 The Farm, Liberty Road;Maidenhead;United Kingdom;SL67RJ
661;725a The Arches;Berks;United Kingdom;SL4 1RH
662;Paramount House;London;United Kingdom;W1N 9FA
663;2524 Barlby Road;London;United Kingdom;W10 6BL
664;99-3 Forest Works;London;United Kingdom;E17 6JF
665;46-44 Albemarle Street;London;United Kingdom;W1X3SE
666;399 Clearing Green;London;United Kingdom;EC1R 0DU
667;997b Tradescant Road;London;United Kingdom;SW8 1XD
668;2574 Milton Park;Oxford;United Kingdom;OX14 4SE
669;Internet House, 3399 Science Park;Cambridge;United Kingdom;CB4 4BZ
670;7 Garden House Cloisters, 8 Batters;London;United Kingdom;SW8 4BG
671;25 Hartfield Road, Wimbledon;London;United Kingdom;SW19 3RU
672;99 Dean Street, Soho;London;United Kingdom;W1V 5RN
673;Park House-4th Floor, 2516 Park St.;London;United Kingdom;W1Y 3RA
674;67 Vincent Square, Victoria;London;United Kingdom;SW1P 2NU
756;855 East Main Avenue;Zeeland;United States;49464
774;9920 North Telegraph Rd.;Pontiac;United States;48342
775;46460 West Oaks Drive;Novi;United States;48375
776;997000 Telegraph Rd.;Southfield;United States;48034
785;399700 John R. Rd.;Madison Heights;United States;48071
786;6789 Warren Road;Westland;United States;48185
788;2533 Eureka Rd.;Southgate;United States;48195
789;250000 Eight Mile Road;Detroit;United States;48226
794;998 Forest Road;Saginaw;United States;48601
795;99800 Tittabawasee Rd.;Saginaw;United States;48601
797;678 Eastman Ave.;Midland;United States;48640
801;Horizon Outlet Center;Holland;United States;49423
806;Horizon Outlet Center;Monroe;United States;98272
810;Redford Plaza;Redford;United States;48239
825;Port Huron;Port Huron;United States;48060
826;Kensington Valley Shops;Howell;United States;48843
832;2251 Elliot Avenue;Seattle;United States;98104
833;3207 S Grady Way;Renton;United States;98055
834;99300 223rd Southeast;Bothell;United States;98011
835;259826 Russell Rd. South;Kent;United States;98031
836;35525-9th Street Sw;Puyallup;United States;98371
837;640 South 994th St. W.;Billings;United States;59101
838;25300 Biddle Road;Medford;United States;97504
839;Gateway;Portland;United States;97205
840;Great Northwestern;North Bend;United States;98045
841;Washington Square;Portland;United States;97205
842;258101 Nw Evergreen Parkway;Beaverton;United States;97005
843;253950 N.E. 178th Place;Woodinville;United States;98072
844;755 Nw Grandstand;Issaquah;United States;98027
845;22571 South 2500 East;Idaho Falls;United States;83402
846;257700 Ne 76th Street;Redmond;United States;98052
847;25102 Springwater;Wenatchee;United States;98801
848;Bldg. 9n/99298;Redmond;United States;98052
849;4251 First Avenue;Seattle;United States;98104
850;558 S 6th St;Klamath Falls;United States;97601
851;994 Sw Cherry Park Rd;Troutdale;United States;97060
852;25718 Se Sunnyside Rd;Clackamas;United States;97015-6403
853;567 Sw Mcloughlin Blvd;Milwaukie;United States;97222
854;490 Ne 4th St;Renton;United States;98055
855;15 East Main;Port Orchard;United States;98366
856;3025 E Waterway Blvd;Shelton;United States;98584
857;7990 Ocean Beach Hwy.;Longview;United States;98632
858;2345 West Spencer Road;Lynnwood;United States;98036
859;1050 Oak Street;Seattle;United States;98104
860;4927 S Meridian Ave Ste D;Puyallup;United States;98371
861;25915 140th Ave Ne;Bellevue;United States;98004
862;3307 Evergreen Blvd;Washougal;United States;98671
863;2507 Pacific Ave S;Tacoma;United States;98403
864;67 Rainer Ave S;Renton;United States;98055
865;750 Lakeway Dr;Bellingham;United States;98225
866;2528 Meridian E;Puyallup;United States;98371
867;48995 Evergreen Wy.;Everett;United States;98201
868;25111 228th St Sw;Bothell;United States;98011
869;2583 Se 272nd St;Kent;United States;98031
870;409 S. Main Ste. 25;Ellensburg;United States;98926
871;2502 Evergreen Ste E;Everett;United States;98201
872;755 W Washington Ave Ste D;Sequim;United States;98382
873;44606 N Division St;Spokane;United States;99202
874;2550 Ne Sandy Blvd;Portland;United States;97205
875;2540 Dell Range Blvd;Cheyenne;United States;82001
876;765 Delridge Way Sw;Seattle;United States;98104
877;4781 Highway 95;Sandpoint;United States;83864
878;4210 E Sprague Ave;Spokane;United States;99202
879;Valley Mall;Union Gap;United States;98903
880;S Sound Ctr Suite 25300;Lacey;United States;98503
881;Southgate Mall;Missoula;United States;59801
882;Medford;Medford;United States;97504
883;Heritage Mall;Albany;United States;97321
884;Lewis County Mall;Chehalis;United States;98532
885;755 Columbia Ctr Blvd;Kennewick;United States;99337
886;Lancaster Mall;Salem;United States;97301
887;Lewiston Mall;Lewiston;United States;83501
888;Three Rivers Mall;Kelso;United States;98626
889;Eastridge Mall;Casper;United States;82601
890;Holiday Village Mall;Great Falls;United States;59401
891;2526a Tri-Lake Blvd Ne;Kirkland;United States;98033
892;Frontier Mall;Cheyenne;United States;82001
893;White Mountain Mall;Rock Springs;United States;82901
894;3390 South 23rd St.;Tacoma;United States;98403
895;3250 South Meridian;Puyallup;United States;98371
896;2255 254th Avenue Se;Albany;United States;97321
897;705 SE Mall Parkway;Everett;United States;98201
898;700 Se Sunnyside Road;Clackamas;United States;97015
899;North 93270 Newport Highway;Spokane;United States;99202
900;25708 Dell Range Blvd.;Cheyenne;United States;82001
901;No. 60 Bellis Fair Parkway;Bellingham;United States;98225
902;950 Gateway Street;Springfield;United States;97477
903;250775 SW Hillsdale Hwy;Beaverton;United States;97005
904;9905 Three Rivers Drive;Kelso;United States;98626
905;225 South 314th Street;Federal Way;United States;98003
906;7009 Sw Hall Blvd.;Tigard;United States;97223
907;99295 S.e. Tualatin Valley_hwy.;Hillsboro;United States;97123
988;482505 Warm Springs Blvd.;Fremont;United States;94536
989;39933 Mission Oaks Blvd;Camarillo;United States;93010
990;5420 West 22500 South;Salt Lake City;United States;84101
991;60025 Bollinger Canyon Road;San Ramon;United States;94583
992;9992 Whipple Rd;Union City;United States;94587
993;Corporate Office;El Segundo;United States;90245
994;25001 Montague Expressway;Milpitas;United States;95035
995;4460 Newport Center Drive;Newport Beach;United States;92625
996;2575 West 2700 South;Salt Lake City;United States;84101
997;70259 West Sunnyview Ave;Visalia;United States;93291
998;60750 San Clemente;Hayward;United States;94541
999;Receiving;Fullerton;United States;92831
1000;22555 Paseo De Las Americas;San Diego;United States;92102
1001;Incom Sports Center;Ontario;United States;91764
1002;C/O Starpak, Inc.;Greeley;United States;80631
1003;5967 W Las Positas Blvd;Pleasanton;United States;94566
1004;25600 E St Andrews Pl;Santa Ana;United States;92701
1005;6756 Mowry;Newark;United States;94560
1006;25472 Marlay Ave;Fontana;United States;92335
1007;77 Beale Street;San Francisco;United States;94109
1008;910 Main Street.;Sparks;United States;89431
1009;2500 N Serene Blvd;El Segundo;United States;90245
1010;5650 West 88th Ave.;Westminster;United States;80030
1011;9700 Sisk Road;Modesto;United States;95354
1012;789 West Alameda;Westminster;United States;80030
1013;54254 Pacific Ave.;Stockton;United States;95202
1014;25136 Jefferson Blvd.;Culver City;United States;90232
1015;99000 S. Avalon Blvd. Suite 750;Carson;United States;90746
1016;72502 Eastern Ave.;Bell Gardens;United States;90201
1017;2560 E. Newlands Dr;Fernley;United States;89408
1018;630 N. Capitol Ave.;San Jose;United States;95112
1019;4660 Rodeo Road;Santa Fe;United States;87501
1020;251340 E. South St.;Cerritos;United States;90703
1021;440 West Huntington Dr.;Monrovia;United States;91016
1022;99235 Hawthorne Blvd.;Torrance;United States;90505
1023;870 N. 54th Ave.;Chandler;United States;85225
1024;9952 E. Lohman Ave.;Las Cruces;United States;88001
1025;2530 South Colorado Blvd.;Denver;United States;80203
1026;955 E. County Line Rd.;Englewood;United States;80110
1027;409 Santa Monica Blvd.;Santa Monica;United States;90401
1028;Mall Of Orange;Orange;United States;92867
1029;Topanga Plaza;Canoga Park;United States;91303
1030;Escondido;Escondido;United States;92025
1031;Natomas Marketplace;Sacramento;United States;95814
1032;Simi @ The Plaza;Simi Valley;United States;93065
1033;Lakewood Mall;Lakewood;United States;90712
1034;Oxnard Outlet;Oxnard;United States;93030
1035;Vista Marketplace;Alhambra;United States;91801
1036;Sports Store At Park City;Park City;United States;84098
1037;North County Square;Vista;United States;92084
1038;123 Camelia Avenue;Oxnard;United States;93030
1039;Mountain Square;Upland;United States;91786
1040;Fox Hills;Culver City;United States;90232
1041;Parkway Plaza;El Cajon;United States;92020
1042;Stonewood Mall;Downey;United States;90241
1043;Hanford Mall;Hanford;United States;93230
1044;Ontario Mills;Ontario;United States;91764
1045;Nut Tree Factory;Vacaville;United States;95688
1046;Rocky Mountain Pines Outlet;Loveland;United States;80537
1047;Stevens Creek Shopping Center;San Jose;United States;95112
1048;Factory Merchants;Barstow;United States;92311
1049;The Citadel Commerce Plaza;City Of Commerce;United States;90040
1050;University Town Center;San Diego;United States;92102
1051;Pavillion @ Redlands;Redlands;United States;92373
1052;San Diego Factory;San Ysidro;United States;92173
1053;Pacific West Outlet;Gilroy;United States;95020
1054;Belz Factory Outlet;Las Vegas;United States;89106
1055;Camarillo Athletic Stores;Camarillo;United States;93010
1056;Lake Elisnor Place;Lake Elsinore;United States;92530
1057;Norwalk Square;Norwalk;United States;90650
1058;Riverside;Sherman Oaks;United States;91403
1059;The Quad @ WestView;Whittier;United States;90605
1060;Arcadia Crossing;Phoenix;United States;85004
1061;Eastern Beltway Center;Las Vegas;United States;89106
1062;Factory Stores/tucson;Tucson;United States;85701
1063;Viejas Outlet Center;Alpine;United States;91901
1064;West Park Plaza;Irvine;United States;92614
1065;Factory Stores Of America;Mesa;United States;85201
1066;Prime Outlets;Phoenix;United States;85004
1067;Bayshore Mall;Eureka;United States;95501
1068;7709 West Virginia Avenue;Phoenix;United States;85004
1069;6900 Sisk Road;Modesto;United States;95354
1070;3250 Baldwin Park Blvd;Baldwin Park;United States;91706
1071;5867 Sunrise Boulevard;Citrus Heights;United States;95610
1072;6500 East Grant Road;Tucson;United States;85701
1073;3065 Santa Margarita Parkway;Trabuco Canyon;United States;92679
1074;9920 Bridgepointe Parkway;San Mateo;United States;94404
1075;5525 South Hover Road;Longmont;United States;80501
1076;8525 South Parker Road;Parker;United States;80138
1077;7505 Laguna Boulevard;Elk Grove;United States;95624
1078;9909 W. Ventura Boulevard;Camarillo;United States;93010
1079;25150 El Camino Real;San Bruno;United States;94066
1080;2575 Rocky Mountain Ave.;Loveland;United States;80537
1081;25871 North Main Street;Walnut Creek;United States;94596
1082;2551 East Warner Road;Gilbert;United States;85233
1083;22589 West Craig Road;North Las Vegas;United States;89030
1084;25751 University Drive;Vista;United States;92084
1085;49925 Crestview Drive N.E.;Rio Rancho;United States;87124
1086;57251 Serene Blvd;Van Nuys;United States;91411
1087;253731 West Bell Road;Surprise;United States;85374
1088;99040 California Avenue;Sand City;United States;93955
1089;25620 Firestone Boulevard;Norwalk;United States;90650
1090;25130 South State Street;Sandy;United States;84070
1091;5500 Grossmont Center Drive;La Mesa;United States;91941
1092;99700 Bell Road;Auburn;United States;95603
1093;7750 E Marching Rd;Scottsdale;United States;85257
1094;25250 N 90th St;Scottsdale;United States;85257
1095;9980 S Alma School Road;Chandler;United States;85225
1096;6753 Howard Hughes Parkway;Las Vegas;United States;89106
1097;Corp Ofc Accts Payable;El Segundo;United States;90245
1098;Po Box 252525;Santa Ana;United States;92701
1099;62500 Neil Road;Reno;United States;89502
1100;4635 S. Harrison Blvd.;Ogden;United States;84401
1101;825 W 500 S;Bountiful;United States;84010
1102;603 Gellert Blvd;Daly City;United States;94015
1103;2564 S. Redwood Rd.;Riverton;United States;84065
1104;9927 N. Main St.;Tooele;United States;84074
1105;566 S. Main;Cedar City;United States;84720
11380;165 North Main;Austin;United States;78701
11381;2000 300th Street;Denver;United States;80203
11382;99 Front Street;Minneapolis;United States;55402
